Workbook

Sheet Layout
D7: Data | E7: =TODAY() -> 46244 | F7: =IF(E7="","PREENCHIMENTO OBRIGATÓRIO","")
D8: ID Highline | E8: PESTA3002 | F8: =IF(E8="","PREENCHIMENTO OBRIGATÓRIO","")
D9: Região | E9: Nordeste | F9: =IF(E9="","PREENCHIMENTO OBRIGATÓRIO","")
D10: PM / Coordenador | E10: Vinicius Barbieri | F10: =IF(E10="","PREENCHIMENTO OBRIGATÓRIO","")
D11: Cliente | E11: TIM
D12: Tipo de Site | E12: Rooftop | F12: =IF(E12="","PREENCHIMENTO OBRIGATÓRIO","")

Sheet Quantitativos
B4: Quantitativos - PV
B7: Fornecedor: | C7: LS OFFICE
B8: ID Highline: | C8: =(Layout!E8) -> PESTA3002
B9: Estado | C9: PA
B11: Atividade | C11: Item | D11: Descrição | E11: Unid. Medida | F11: Quant | G11: Valor Unit | H11: Valor Total
B12: Serviços de Engenharia | C12: SEN01 | D12: Projeto Executivo | E12: Vb | G12: 0 | H12: =G12*F12 -> 0
B13: Serviços de Engenharia | C13: SEN02 | D13: As Built | E13: Vb | G13: 900 | H13: =G13*F13 -> 0
B14: Serviços de Engenharia | C14: SEN03 | D14: Revisão de Projeto de Prefeitura (Compartilhamento ou ampliação) | E14: Vb | G14: 0 | H14: =G14*F14 -> 0
B15: Serviços de Engenharia | C15: SEN04 | D15: Revisão de Projeto Executivo (Compartilhamento ou ampliação) | E15: Vb | G15: 0 | H15: =G15*F15 -> 0
B16: Serviços de Engenharia | C16: SEN05 | D16: Revisão de As Built (Compartilhamento ou ampliação) | E16: Vb | G16: 0 | H16: =G16*F16 -> 0
B17: Serviços de Engenharia | C17: SEN06 | D17: Sondagem à percussão | E17: Vb | G17: 0 | H17: =G17*F17 -> 0
B18: Serviços de Engenharia | C18: SEN07 | D18: Sondagem Rotativa | E18: Vb | G18: 0 | H18: =G18*F18 -> 0
B19: Serviços de Engenharia | C19: SEN08 | D19: Laudo Estrutural para Roof Top | E19: Vb | G19: 0 | H19: =G19*F19 -> 0
B20: Serviços de Engenharia | C20: SEN09 | D20: Projeto de Prefeitura | E20: Vb | G20: 0 | H20: =G20*F20 -> 0
B21: Serviços de Engenharia | C21: SEN10 | D21: Planialtimétrico | E21: Vb | G21: 0 | H21: =G21*F21 -> 0
B22: Serviços de Engenharia | C22: SEN11 | D22: Laudo Estrutural (RT) - Sem Vistoria | E22: Vb | G22: 0 | H22: =G22*F22 -> 0
B23: Serviços de Engenharia | C23: SEN12 | D23: Laudo Estrutural (RT) - Com Vistoria | E23: Vb | G23: 0 | H23: =G23*F23 -> 0
... B64: Área Construída | C64: CON06 | D64: Base de equipamento em concreto armado | E64: m³ | G64: 3645.25 | H64: =G64*F64 -> 0
B65: Área Construída | C65: CON07 | D65: Skid metálico (galvanizado à fogo) | E65: Kg | F65: 120 | G65: 55 | H65: =G65*F65 -> 6600
B66: Área Construída | C66: CON08 | D66: Adequação/Alvenaria - Em muro existente | E66: m² | G66: 0 | H66: =G66*F66 -> 0
B67: Área Construída | C67: CON09 | D67: Chapisco de muro - Em muro existente | E67: m² | G67: 0 | H67: =G67*F67 -> 0
B68: Área Construída | C68: CON10 | D68: Demolição de muro existente | E68: m² | G68: 0 | H68: =G68*F68 -> 0
B69: Área Construída | C69: CON11 | D69: Muro de arrimo | E69: m² | G69: 0 | H69: =G69*F69 -> 0
B70: Área Construída | C70: CON12 | D70: Execução de Muro em Alvenaria | E70: m² | G70: 0 | H70: =G70*F70 -> 0
B71: Área Construída | C71: CON13 | D71: Conector FCI Barra - Para esteira | E71: un | G71: 178.2 | H71: =G71*F71 -> 0
B72: Energia / Entrada de Energia | C72: ENT01 | D72: QD/ QTM - Com Alvenaria (Padrão Claro) | E72: un | G72: 12994.74 | H72: =G72*F72 -> 0
B73: Energia / Entrada de Energia | C73: ENT02 | D73: QD/ QTM - Com Alvenaria (Padrão Vivo) | E73: un | G73: 13994.74 | H73: =G73*F73 -> 0
B74: Energia / Entrada de Energia | C74: ENT03 | D74: QD/ QTM - Com Alvenaria (Padrão Tim) | E74: un | F74: 1 | G74: 13990 | H74: =G74*F74 -> 13990
B75: Energia / Entrada de Energia | C75: ENT02 | D75: Suporte para QD/ QTM | E75: un
B76: Energia / Entrada de Energia | C76: ENT03 | D76: Grade para medidor | E76: un | G76: 1350 | H76: =G76*F76 -> 0
B77: Energia / Entrada de Energia | C77: ENT04 | D77: Tomada Steck | E77: un | G77: 350 | H77: =G77*F77 -> 0
B78: Energia / Entrada de Energia | C78: ENT05 | D78: Padrão novo para 1 medidor - Com ligação definitiva | E78: un | G78: 0 | H78: =G78*F78 -> 0
B79: Energia / Entrada de Energia | C79: ENT06 | D79: Padrão novo para 2 medidores - Com ligação definitiva | E79: un | G79: 0 | H79: =G79*F79 -> 0
B80: Energia / Entrada de Energia | C80: ENT07 | D80: Ampliação do padrão de 1 para 2 medidores - Com ligação definitiva | E80: un | F80: 1 | G80: 8450 | H80: =G80*F80 -> 8450
B81: Energia / Entrada de Energia | C81: ENT08 | D81: Ampliação do padrão de 2 para 3 medidores - Com ligação definitiva | E81: un | G81: 0 | H81: =G81*F81 -> 0
B82: Energia / Entrada de Energia | C82: ENT09 | D82: Ampliação do padrão de 3 para 4 medidores - Com ligação definitiva | E82: un | G82: 0 | H82: =G82*F82 -> 0
B83: Energia / Entrada de Energia | C83: ENT10 | D83: Ampliação do padrão de 4 para 5 medidores - Com ligação definitiva | E83: un | G83: 0 | H83: =G83*F83 -> 0
B84: Energia / Entrada de Energia | C84: ENT11 | D84: Projeto de ampliação do padrão - Memorial, carta de aprovação e ART | E84: un | G84: 0 | H84: =G84*F84 -> 0
B85: Energia / Entrada de Energia | C85: ENT12 | D85: Cabo Cobre Isolado EPR-06/1KV # 4mm² | E85: m | G85: 0 | H85: =G85*F85 -> 0
B86: Energia / Entrada de Energia | C86: ENT13 | D86: Eletroduto Corrugado Tipo KANAFLEX Ø 1" | E86: m | G86: 25 | H86: =G86*F86 -> 0
B87: Energia / Entrada de Energia | C87: ENT14 | D87: Eletroduto Corrugado Tipo KANAFLEX Ø 2" | E87: m | G87: 38 | H87: =G87*F87 -> 0
B88: Energia / Infra - Site | C88: INFR01 | D88: Malha de aterramento | E88: m | F88: 15 | G88: 350 | H88: =G88*F88 -> 5250
B89: Energia / Infra - Site | C89: INFR02 | D89: Seal Tube 1'' | E89: m | G89: 0 | H89: =G89*F89 -> 0
B90: Energia / Infra - Site | C90: INFR03 | D90: Seal Tube 2'' | E90: m | G90: 0 | H90: =G90*F90 -> 0
B91: Energia / Infra - Site | C91: INFR04 | D91: Tubulação 1" Galvanizada à fogo | E91: m | F91: 6 | G91: 55 | H91: =G91*F91 -> 330
B92: Energia / Infra - Site | C92: INFR05 | D92: Tubulação 2" Galvanizada à fogo | E92: m | F92: 15 | G92: 85 | H92: =G92*F92 -> 1275
B93: Energia / Infra - Site | C93: INFR06 | D93: Tubulação 3" Galvanizada à fogo | E93: m | G93: 0 | H93: =G93*F93 -> 0
B94: Energia / Infra - Site | C94: INFR07 | D94: Tubulação 1" PVC | E94: m | G94: 0 | H94: =G94*F94 -> 0
B95: Energia / Infra - Site | C95: INFR09 | D95: Cabo Multiplex Alum - 4 vias 35mm | E95: m | G95: 0 | H95: =G95*F95 -> 0
B96: Energia / Infra - Site | C96: INFR10 | D96: Cabo flexível #10mm² isol. 750V - qualquer cor | E96: m | G96: 0 | H96: =G96*F96 -> 0
B97: Energia / Infra - Site | C97: INFR15 | D97: Cabo flexível #16mm² isol. 0,6/1,0Kv | E97: m | F97: 5 | G97: 40 | H97: =G97*F97 -> 200
B98: Energia / Infra - Site | C98: INFR16 | D98: Poste de iluminação Telecônico Curvo Simples Flangeado com luminária inclusa | E98: un | G98: 3850 | H98: =G98*F98 -> 0
B99: Itens complementares | C99: COM01 | D99: Caixa de alumínio | E99: un | G99: 0 | H99: =G99*F99 -> 0
B100: Itens complementares | C100: COM02 | D100: Acessórios metálicos (mastro, costela de vaca, esteira horizontal e suportes de antena adicionais) | E100: kg | H100: =G100*F100 -> 0
B101: Itens complementares | C101: COM03 | D101: Segunda Mobilização (acima de 500Km da sede da companhia) | E101: un | G101: 3500 | H101: =G101*F101 -> 0
B102: Itens complementares | C102: COM04 | D102: Supressão de Vegetação existente (Limpeza de mato rasteiro, entulho e objetos existentes no site) | E102: un | G102: 0 | H102: =G102*F102 -> 0
B103: Itens complementares | C103: COM05 | D103: Caçamba | E103: un | G103: 0 | H103: =G103*F103 -> 0
B104: Itens complementares | C104: COM06 | D104: Retirada de Arvore de Pequeno Porte - Até 2,4m (Sem incluir licenciamento) | E104: un | G104: 0 | H104: =G104*F104 -> 0
B105: Itens complementares | C105: COM07 | D105: Retirada de Arvore de Grande Porte - Acima de 2,4m (Sem incluir licenciamento) | E105: un | G105: 0 | H105: =G105*F105 -> 0
B106: Itens complementares | C106: COM08 | D106: Sistema de Drenagem (Ao redor do site, por metro linear) | E106: m | G106: 0 | H106: =G106*F106 -> 0
B107: Itens complementares | C107: COM09 | D107: Grama | E107: m² | G107: 0 | H107: =G107*F107 -> 0
B108: Itens complementares | C108: COM10 | D108: Logistica de Obra (Transporte dos materiais de obra) | E108: Vb | G108: 4500 | H108: =G108*F108 -> 0
B109: Itens complementares | C109: COM11 | D109: Escada de Acesso de até 1,5m de largura | E109: m | G109: 0 | H109: =G109*F109 -> 0
B110: Itens complementares | C110: COM12 | D110: Corte, Regularização e Nivelamento do Talude | E110: m² | G110: 0 | H110: =G110*F110 -> 0
B111: Acessórios EV | C111: AEV01 | D111: Suporte MW Canto Adicional 0,6 | E111: un | G111: 0 | H111: =G111*F111 -> 0
B112: Acessórios EV | C112: AEV02 | D112: Suporte MW Canto Adicional 0,9 | E112: un | G112: 0 | H112: =G112*F112 -> 0
... B118: Acessórios EV | C118: AEV08 | D118: Esteiramento Encapsulado | E118: m | G118: 0 | H118: =G118*F118 -> 0
B119: Acessórios EV | C119: AEV09 | D119: Esteiramento Aéreo | E119: m | F119: 6 | G119: 450 | H119: =G119*F119 -> 2700
B120: Acessórios EV | C120: AEV10 | D120: Esteiramento Aéreo Encapsulado | E120: m | G120: 0 | H120: =G120*F120 -> 0
B121: Extensão de Rede | C121: EXT01 | D121: Estrutura de derivação - Compacta Bifásica | E121: Unid | G121: 0 | H121: =G121*F121 -> 0
B122: Extensão de Rede | C122: EXT02 | D122: Estrutura de derivação - Compacta Monofásica | E122: Unid | G122: 0 | H122: =G122*F122 -> 0
B123: Extensão de Rede | C123: EXT03 | D123: Estrutura de derivação -Compacta Trifásica | E123: Unid | G123: 0 | H123: =G123*F123 -> 0
B124: Extensão de Rede | C124: EXT04 | D124: Estrutura de derivação - Convencional Bifásica | E124: Unid | G124: 0 | H124: =G124*F124 -> 0
B125: Extensão de Rede | C125: EXT05 | D125: Estrutura de derivação - Convencional Monofásica | E125: Unid | G125: 0 | H125: =G125*F125 -> 0
B126: Extensão de Rede | C126: EXT06 | D126: Estrutura de derivação - Convencional Trifásica | E126: Unid | G126: 0 | H126: =G126*F126 -> 0
B127: Extensão de Rede | C127: EXT07 | D127: Subestação - 15 kV - transformador monofásico - 10 kVA | E127: Unid | G127: 0 | H127: =G127*F127 -> 0
B128: Extensão de Rede | C128: EXT08 | D128: Subestação - 15 kV - transformador bifásico - 10 kVA | E128: Unid | G128: 0 | H128: =G128*F128 -> 0
B129: Extensão de Rede | C129: EXT09 | D129: Subestação - 15 kV - transformador trifásico - 15 kVA | E129: Unid | G129: 0 | H129: =G129*F129 -> 0
B130: Extensão de Rede | C130: EXT10 | D130: Subestação - 15 kV - transformador trifásico - 30 kVA | E130: Unid | G130: 0 | H130: =G130*F130 -> 0
B131: Extensão de Rede | C131: EXT11 | D131: Subestação - 15 kV - transformador trifásico - 45 kVA | E131: Unid | G131: 0 | H131: =G131*F131 -> 0
... B213: Reforço | C213: REF29 | D213: REMANEJAMENTO MW | E213: Pç | G213: 0 | H213: =G213*F213 -> 0
B214: Reforço | C214: REF30 | D214: SUPORTE DE ANTENAS RF | E214: Pç | H214: =G214*F214 -> 0
B215: Reforço | C215: REF31 | D215: SUPORTE DE ANTENAS MW | E215: Pç | G215: 0 | H215: =G215*F215 -> 0
B216: Reforço | C216: REF32 | D216: CONCRETO 20 MPA LANÇADO - EXCLUSA TAXA DE BOMBEAMENTO | E216: m³ | G216: 0 | H216: =G216*F216 -> 0
B217: Reforço | C217: REF33 | D217: CONCRETO 25 MPA LANÇADO - EXCLUSA TAXA DE BOMBEAMENTO | E217: m³ | G217: 0 | H217: =G217*F217 -> 0
B218: Reforço | C218: REF34 | D218: CONCRETO 20 MPA RODADO EM OBRA - COM ACOMPANHAMENTO TECNICO | E218: m³ | G218: 0 | H218: =G218*F218 -> 0
B219: Reforço | C219: REF35 | D219: CONCRETO 25 MPA RODADO EM OBRA - COM ACOMPANHAMENTO TECNICO | E219: m³ | G219: 0 | H219: =G219*F219 -> 0
B220: Reforço | C220: REF36 | D220: TAXA DE BOMBEAMENTO POR REGIAO | E220: Vb | G220: 0 | H220: =G220*F220 -> 0
B221: Reforço | C221: REF37 | D221: FORMAS | E221: m² | G221: 0 | H221: =G221*F221 -> 0
B222: Reforço | C222: REF38 | D222: ESCAVAÇÃO | E222: m³ | G222: 0 | H222: =G222*F222 -> 0
B223: Reforço | C223: REF39 | D223: BOTA FORA | E223: m³ | G223: 0 | H223: =G223*F223 -> 0
B224: Reforço | C224: REF40 | D224: REATERRO | E224: m³ | G224: 0 | H224: =G224*F224 -> 0
B225: Reforço | C225: REF41 | D225: FURAÇÃO E APLICAÇÃO DE RESINA EPOXI EM BASES DE CONCRETO | E225: Unid. | G225: 0 | H225: =G225*F225 -> 0
B226: Reforço | C226: REF42 | D226: EXECUÇÃO DE FUNDAÇÃO RADIER (MÃO DE OBRA) | E226: m³ | G226: 0 | H226: =G226*F226 -> 0
... B249: Roof Top | C249: RFT03 | D249: Adicional Metálico / Reforço Metálico para Rooftop (PROJETO NÃO INCLUSO) | E249: Kg | G249: 0 | H249: =G249*F249 -> 0
B250: Roof Top | C250: RFT04 | D250: Conector FCI Barra - Para esteira | E250: un | F250: 4 | G250: 0 | H250: =G250*F250 -> 0
B251: Roof Top | C251: RFT05 | D251: Conector FCI Torre | E251: un | G251: 0 | H251: =G251*F251 -> 0
B252: Roof Top | C252: RFT06 | D252: Luminária | E252: un | G252: 0 | H252: =G252*F252 -> 0
B253: Roof Top | C253: RFT07 | D253: Luminária com poste | E253: un | G253: 0 | H253: =G253*F253 -> 0
B254: Roof Top | C254: RFT08 | D254: Acessórios metálicos (mastro, costela de vaca, esteira horizontal, suportes de antena adicionais, escada marinheiro e guarda-corpo) | E254: Kg | F254: 220 | G254: 55 | H254: =G254*F254 -> 12100
...

Sheet Resumo PV
A1: SITE ID HIGHLINE | B1: =Quantitativos!C8 -> PESTA3002
A2: UF | B2: =(Quantitativos!C9) -> PA
A3: REGIÃO | B3: =Layout!E9 -> Nordeste
A6: Item | B6: R$
A7: Serviços de Engenharia | B7: =SUM(Quantitativos!H12:H23) -> 0
A8: Fundação | B8: =SUM(Quantitativos!H24:H47) -> 0
A9: Fechamento | B9: =SUM(Quantitativos!H48:H59) -> 0
A10: Área Construída | B10: =SUM(Quantitativos!H60:H71) -> 6600
A11: Energia | B11: =SUM(Quantitativos!H72:H98) -> 29495
A12: Extensão de Rede | B12: =SUM(Quantitativos!H121:H156) -> 0
A13: Acesso | B13: =SUM(Quantitativos!H157:H158) -> 0
A14: Itens complementares | B14: =SUM(Quantitativos!H99:H115) -> 0
A15: Transporte | B15: =SUM(Quantitativos!H180:H184) -> 0
A16: Montagem | B16: =SUM(Quantitativos!H159:H178) -> 0
A17: Acessórios EV | B17: =SUM(Quantitativos!H111:H120) -> 2700
A18: Roof Top | B18: =SUM(Quantitativos!H247:H272) -> 13870
A19: Reforço | B19: =SUM(Quantitativos!H185:H272) -> 13870
A20: TOTAL R$ | B20: =SUM(B7:B18) -> 52665

Sheet check
G1: Região | I1: Atividades:
G2: Sul | I2: BTS
B3: Concreto | C3: =COUNTA(Quantitativos!$F$24:$F$28)<=1 -> TRUE | G3: Sudeste | I3: Roof Top
B4: Escavação | C4: =COUNTA(Quantitativos!$F$31:$F$32)<=1 -> TRUE | G4: Norte | I4: Collo - BTS
B5: Bota fora | C5: =IF(Quantitativos!F33<>(SUM(Quantitativos!F31:F32)),FALSE(),TRUE()) -> TRUE | G5: Nordeste | I5: Collo RT
G6: Centro-Oeste | I6: Reforço
I11: Algar
B12: Andre Mosquetti | I12: Claro
B13: Gleyce Caldeira | I13: Nextel
B14: Katharine Quinta | I14: Oi
B15: Vinicius Barbieri | I15: Tim
B16: Gesiel Melo | I16: Veloso
B17: Keisson Araujo | I17: Vivo
I18: WND
